cpu_usage,memory_usage,disk_io_mbps,network_latency_ms,concurrent_users,response_time_ms
48.090508913552185,41.10797573031718,141.59698930756707,104.17841918924572,667,531.5222367028292
91.30357298074371,62.514056842701486,136.44257967519994,121.53539560679212,70,417.22381696398406
74.89954563585539,82.37675015258449,367.1891031823628,45.06550583094986,113,379.5399732788556
64.89938631477774,73.93349318457368,137.34116994732713,97.48237394497984,214,435.739878283299
31.70139803318274,78.39366887168698,145.18240414502085,90.04443764012481,76,318.05451966725127
31.699589025215197,69.52700200264304,315.7893918462873,126.59625275035795,360,434.9546582402516
24.35627091261496,71.53659387107115,207.408944857689,136.8521884673765,334,434.0188905246537
84.96321093312014,80.95173909391916,321.8486949343134,11.701948006834153,709,578.4029077579872
65.08362588074067,44.98008053155115,72.87815514753484,104.36278866823098,330,442.3222748503895
73.10544333470341,59.36549781858843,220.6499177856845,17.257011876762064,887,598.3466533170936
21.543837072185184,43.27256650917613,61.76476006414892,86.84021311082984,880,459.6897487384763
92.74323891214958,89.26008047979883,71.92862120937409,50.268582066114945,213,503.0936400359816
82.43319806003163,86.64356038119679,367.25310867054384,52.94872393309977,947,663.0308831565434
35.92543330087071,32.365608682110356,98.7358798911583,59.41419048332992,967,523.7331364250834
33.63687254053255,72.33451035094131,236.347238796326,96.98094286694541,273,364.6669403354445
33.755338239007536,85.51489904493995,193.8834609102473,56.76699519362769,833,522.9266933624616
42.81816822196533,40.83452070764001,171.57016419059494,112.57786708263926,195,358.69275700114264
59.35673237241784,64.07671383315777,364.9416709905454,66.63383398034176,999,579.2610022238488
52.395876398158684,84.92929785528251,57.63818887142133,19.569448043394207,917,592.7300995797227
41.84218551485314,32.03675871514793,282.3263901614562,119.726377947775,79,326.41988150747994
65.88896710417846,71.84521603481039,387.1880519747426,50.00616544297884,94,361.3063876915347
30.462039548903135,47.840940442353045,246.05886421164467,70.58736314389677,836,492.7906009880244
41.91084864014136,85.46377172259182,377.88786171158216,105.96214365106621,520,486.1143468868544
47.47713824702688,88.26349470992207,68.29025775010831,56.54386200081968,83,360.973596207666
54.205248816277695,86.65598934680604,196.57766167595648,17.92199186054019,702,520.2853800693451
78.88819710447602,58.45285299944783,141.0552268367179,62.3489465817939,476,469.70472305308243
34.97553366187698,81.72255905935882,305.7873377432554,142.2228015772025,879,612.1835481727903
58.56758288102087,80.67296391210422,393.45398167403636,99.84281562179815,935,645.3321556337205
64.43109266465319,49.146028394595334,139.78552185548673,104.00708081340898,270,408.93084864154287
23.48378095399983,79.73492844904064,278.96111051592607,98.51950150926957,917,543.2273275219767
65.56586389260788,32.220458082929554,119.33417146590905,37.85889945432115,583,448.62994064474486
32.78930927654687,65.77619270892319,247.86558910006346,68.56674097431922,741,486.52609127789594
24.878869473895964,43.80053023726218,212.37637034091767,115.13157177086455,997,556.9710872382431
91.16641529399999,37.23401314663673,390.20186537103797,24.19220565744228,416,420.77228308596034
92.42240248059196,34.61719209775255,262.9845454437633,48.899388652559715,981,629.6955335093004
80.62980110873458,71.77732655268838,172.3272302303866,48.684675185219504,890,628.8472558823054
42.8460326880028,50.39249782608397,89.93352471077668,70.48264986323085,792,529.5226197883245
27.32540855047879,73.48600629172569,102.9363900572271,147.2516237319059,964,631.4930997828505
71.31747698841177,33.92138044793654,128.8609254829323,19.45035653573507,599,434.72362184057414
53.0114370304701,48.91742026983662,137.8383314691043,82.6181392132833,631,469.9991794862705
29.15286761335841,62.36947754252023,347.7156202443982,35.111055481709464,165,296.76784960419764
57.13826825834526,77.44338989033781,246.42797589888372,145.8947163573642,288,477.90587246235935
22.57913908364138,49.12515017592419,233.18681898102827,25.862490661844987,384,301.3016446287206
88.19903015590866,67.55348258622055,90.16910515422612,66.50414033062277,490,524.4921643297928
39.40849862000127,83.15866489417124,351.04889267230226,113.30389787684487,197,395.2659586695927
69.68917132654865,66.95179129093827,302.9850061229693,108.63761992384234,58,391.02534564398115
43.378330706705825,43.97756848521803,73.68392666500056,69.18200916515052,337,397.6927727280107
59.00510158833581,31.464046893392283,297.742284030419,58.51338351338055,437,372.16053924491064
61.00327095074597,82.2059324340558,240.23837606992612,65.66573299740188,99,361.2579427352649
33.86408416441453,31.27616465102323,78.60387101137239,46.9986768422095,899,499.62784514221653
92.7188470823419,82.48210036105196,210.40522453502976,38.74661141895197,566,552.4620461515219
78.1349617520836,61.73622804163272,219.64370049551644,77.6255576582446,965,641.462286011714
90.46242061731418,86.34406191077377,108.02108905714651,47.59472584946502,904,690.4139919158297
87.11205128207366,77.92699414641993,380.9943514500988,50.244633085615014,687,559.0063879066341
64.84249841083138,89.87604663200025,347.49138001823167,101.94584888643799,636,603.2848344638817
89.14056762673376,51.04270892710261,284.15781806518794,145.5952264379849,726,640.0337083809402
26.636937653893963,76.0312973358676,211.8034463502125,94.50920807831251,327,400.3242303908789
34.69871468143589,54.11585481655453,194.117939554578,20.77712538909528,885,491.6135310040223
23.392046668290355,58.79253721823453,277.840713502834,20.581705939569375,349,293.5786121859352
44.399774807244825,67.6503277931022,240.90115429241692,143.19925091837922,851,631.1581176418445
49.15079672671115,82.42062685118032,71.79558705865996,51.62071064302671,638,493.62634801505277
40.35117738304219,89.04500815195772,229.3759270696161,22.88937805154656,859,548.458349815233
82.1553131863947,76.0964048318711,332.2412660314938,93.86624220105342,698,637.7027170920214
46.756499502019196,55.066006930040025,210.7339571589353,97.31082896063725,667,531.6387065645376
41.07008822655356,55.281420136624206,68.18480214399395,100.79067481661635,656,487.15231979252263
60.70220623686863,74.25493809533349,325.1973697844116,47.436283900055784,184,385.1985522216023
30.569316873107198,44.32662874609814,120.47732374759104,12.115495790026504,629,368.8311976933104
80.16477355655297,36.62844678788368,140.51729221081357,145.10215172362606,196,490.2298632192078
25.591298275982812,51.27732945844659,107.64722370130356,45.12502639675435,539,391.5011319745154
94.01652024503879,47.2343394992449,165.57527270502413,104.64368032735665,527,552.380662717569
77.9183576972493,47.778487227359406,314.86302699102225,108.92818178301934,208,433.2982351311081
34.90367611506293,44.0164650629946,231.78505082637807,95.401038391128,433,400.19498884644156
20.414158784270178,32.525591378181716,121.7084459527494,53.80703518991075,212,254.99720360341118
81.15960713411256,31.072436084004828,357.2405273532143,47.95347552696921,490,439.4906844628765
73.01430078857129,89.26334338416189,357.85364923303524,93.67355957837843,902,667.5759183313846
74.67553760307405,55.66638802415174,354.7024487661024,131.2533887056368,238,456.2163009723553
77.84527600144594,53.0595988295809,133.57867398353875,142.54272204927537,464,515.7202937857394
25.553348880056777,70.77883696158419,207.93377046334584,24.82681261652607,388,357.9018914351999
46.884929640820445,43.09523327190385,394.7463796493063,31.676005763680777,656,414.5194129474618
28.690179464384727,86.99767103701352,320.20436670849665,142.26307622963114,230,399.4883248883003
84.73275694066952,77.18070086493313,59.50859742894593,113.11493196687096,337,526.5414214209525
66.74735951206685,35.36466013873557,72.82160694117222,133.61913547616822,883,605.7345650193739
44.81735186394869,55.0548465470957,212.37598188431647,38.368568778948045,236,328.70451808747913
24.76687627145177,82.74709845372988,368.22707205154603,92.26202195531626,933,565.9999103998231
43.32367412867467,86.68392133748462,238.54562928344998,108.15954321844632,187,401.4500136737139
44.38874915200603,58.044090674992184,224.23437781200158,105.21566396257617,179,377.55855558833105
74.7204633753548,66.80468335264246,86.9157949848207,67.14123672133773,243,438.88528516664735
67.81681035164098,40.02203676552451,279.87303665350294,12.155284836783187,365,376.68140464452887
86.54095569322449,89.4701175682186,337.7361062100789,91.60964795259684,834,681.4541583478841
55.416119387146196,43.90030208300661,183.14700262764683,45.434215485145224,913,540.3085167535639
28.96956844537263,86.56390644810753,321.4641478238646,73.03559446000465,193,358.7222498851203
73.49335904172463,68.97879893954212,387.56682886528404,144.06134211173443,65,422.0831553859705
77.05887864626732,66.46420769273155,121.31826069469118,65.86494446994087,351,491.2869564105067
62.095789817712216,60.76131066099052,233.16537091815945,127.57222493301974,472,535.62308622308
77.82253849659207,43.84018870306552,150.49828532960146,36.395684804895154,294,404.6068197117179
57.03466972732931,40.591681920330494,327.49904666184375,104.14446972350403,976,592.5552063859257
59.20496220364956,43.22917254421052,252.15767805840514,146.7809736214521,156,408.26134447977955
52.06557637689122,41.18629572865527,272.1038461426063,24.26503412221115,137,295.9900223999297
21.90643450580714,76.7750684140052,329.2699558655629,11.164791911806882,178,246.84336712764468
28.091857024497834,51.0075155500038,188.5896654318592,70.70159096856601,956,559.9464953828241
22.357188926505067,33.47056059380378,370.2815239424651,22.967567627191407,936,409.30652062235305
67.73078084478354,88.14615780844868,236.56010353614897,114.77380895467239,390,540.5919619601596
43.576698580724496,83.02715309780554,105.28418799237181,138.03681293879825,53,417.0892232842453
58.14280183735271,85.66513699171279,293.5646913590808,70.76293617922624,376,461.93238882511497
88.06748554445697,89.69446935878611,327.64147265338903,46.219629901761735,459,532.3430910520409
38.69691718616562,40.433714953169236,160.86658697363436,70.81646466092536,928,536.4507943837638
50.77871922767223,53.77452113415953,350.0127399495635,111.28269449900014,355,464.7830135944613
76.66633539072865,75.49430854224548,367.15013916801826,11.267582621251936,957,607.0668469329997
37.159862411871686,71.76123708322754,146.91657058223313,92.5235585278576,656,487.16132343355184
25.773493237159474,39.233754380391304,394.2325154503277,95.86083588423307,770,459.61077764013254
41.731358968532604,78.94998749943707,99.24903481706545,99.27635456543098,274,382.4585029928412
32.09159654405033,43.46643431019964,120.70548394087149,43.88309119732281,397,351.54447548556146
89.72732392569299,43.42905688935738,114.47869373330914,109.96738127293774,370,483.290477149495
80.60902846733127,62.218465373604815,362.89639850275466,22.794808086448697,608,501.0148183829176
67.50528173828175,65.57639609050219,279.00239331373666,37.89784710535211,230,400.8858579249786
85.35954426407883,64.80517247026867,103.2364991277955,132.8458065316275,667,616.7652859706657
80.27540576743358,35.489210243865294,204.11319642892215,113.42124110171929,760,597.7034276898084
33.992754416452684,82.64765175782281,265.3543087744307,11.924377561588335,435,361.23471844258455
86.94192488674834,45.93600255532236,79.21242974628416,44.77267645177203,667,547.8803833343777
60.4506681436738,37.77089527696825,358.84572894256854,40.01690761904304,841,518.7093057233438
80.55801163730469,83.32488479213863,331.2612374045373,47.91288592517616,821,618.9620785865649
87.20684749426199,87.3390898937852,226.82237075182337,44.658367839184095,157,440.86689385942503
43.85026062288979,81.72765703592704,388.49431534070965,18.753681403998403,580,423.55972602981416
28.25389433957576,78.57096448349269,196.21634274628488,74.25167232355484,459,423.62558814217385
37.09513719064563,69.3145188383413,394.43861166277424,112.58268647006312,345,418.89480610772165
52.03308414696922,63.05144223654836,283.7719995812695,94.9424414604411,867,559.5086326083625
81.351107444187,35.21920559468461,272.1349456388795,104.20203360373117,220,401.471141625255
84.55479374422576,54.50719278424192,108.08421335352475,21.360884995073484,380,429.3741795018229
20.521409789839304,52.36131102073884,358.6747154066254,143.20869942475022,542,434.60590195163024
58.30604769331743,45.585227025619574,199.6213907722153,127.38885673802348,244,361.85874321447466
51.30582523615843,73.40520682131509,106.78169202386778,122.71264458939278,61,400.717327167981
36.65808578530477,59.75254410472625,54.41263199151567,125.21773270584745,244,383.4773763905836
28.98990255002621,34.862772954458876,245.9144892734339,140.5794711385866,539,388.9585372578791
45.3211378552721,43.21099211698868,234.58986774293672,86.19555525591768,844,570.3144668843493
90.71822779343894,70.99552581957576,301.7737678292055,38.039482501467624,930,672.1891769436794
44.24021990155664,34.56785156941801,361.5903185562307,96.34970509935576,231,329.73234021535825
58.90929663075246,81.07241484292612,77.79230462506032,114.00340911351145,866,623.5799929893692
72.72642191713834,59.70879162083846,306.0237716191268,113.30843506956356,705,595.2266035363956
47.27222017844705,58.83519463959888,115.59418043415377,83.00286338336322,947,587.3460593206657
92.88365620407205,65.54446707957106,350.3619686050074,19.584220706700926,365,470.0931880888689
92.18354712065835,79.48085795550895,336.67222985157963,61.955811380217895,743,609.2606248136535
38.88367218690232,50.86855247413158,239.27781424494054,138.90732518487002,79,360.85147365233064
57.29363794192891,70.68096915354381,298.584979518159,91.82284736603964,645,528.0977650434942
42.56587323625773,63.94391783974746,160.02253961431194,85.36647205579987,727,531.0561158498879
41.36303707831007,46.02169621016528,214.90876462648512,47.639492013507095,845,477.43142687353327
22.76652105158996,82.71779918130949,337.5729141986651,61.582848788321044,842,574.4388996208706
65.71732504849226,77.8455612964157,210.74281901062486,135.3484524814437,145,463.8922210060682
57.70092674216461,69.50711007950554,175.22939286390462,103.304826653757,430,538.991025458066
23.8609063437492,81.03490374565452,222.97435653760496,120.2341837453266,827,580.1135548287624
40.89848481774585,82.03765205758813,339.8872383530264,73.60835922947172,493,450.4108479680777
88.11994144749903,72.50177860290208,167.32281657980548,98.2346107238621,347,534.2678552502248
37.96714180002293,80.22079970182033,110.81655759751033,44.77370522404905,857,557.1960036958799
30.867115406841734,71.84828770015702,299.20490711577327,108.76451623968808,786,549.7847582456247
56.70895702081722,70.80844630561802,339.0923744478286,69.86418671846722,894,606.3297823154762
93.92378405829506,67.11668269291106,85.22311748323666,71.95637207406438,410,534.3222324033617
38.15414536336253,75.16299837345846,133.95593946458064,100.90512544076343,423,426.8032684242086
70.4101660554409,39.51630631758442,99.69019641634787,141.07928700564972,603,522.5610530971792
77.12147114965381,82.85224555193571,171.7794940537583,18.96088852520693,352,433.40568147508804
37.822815799429975,82.31061166471392,207.62284261689442,125.46405322858107,470,493.0336395662059
74.61622614588947,31.75483698207355,312.0892179371573,50.933635457707034,295,371.64819270158654
47.58373495394399,79.54900503388576,277.90165470858597,72.1487236308929,769,533.398545044972
67.42293729451846,37.73219204840671,267.3249986174509,13.067866028501253,286,353.20473969484095
67.5147283070671,50.10713125554851,173.33123131337902,52.14645089680383,583,482.46821061762967
60.18310130560688,74.61049537749646,344.506643579666,80.36837396821826,234,420.1552246794501
26.771732754080624,39.64559376289849,214.9505085893576,17.864650828641462,517,327.24379071194346
82.64768716919285,79.07802144714373,392.6867283053041,78.75340211364312,803,630.2505661527043
44.05850487288019,79.92805067746451,271.9497484035079,139.79548804017983,412,476.6188529579215
33.98888827998907,60.44806402565017,94.19265954757596,24.75505053509273,332,346.7287188772743
23.058135616607295,30.383152303010014,286.66214672640194,117.0217019305706,602,401.83850359912236
64.31697073911813,47.22228799049476,163.78640540109464,67.35394747263896,385,423.0383407759459
70.81732713817118,67.01561510254453,290.21451884013413,101.72432003340732,211,470.07774088232566
21.24408716958921,88.87117068164541,74.37440185684201,46.43312371793211,209,318.99627444220516
58.406979372446074,67.9088116210001,111.20850301158578,32.32891675579016,523,470.6543523954084
36.98718313984534,45.588214863849586,349.50804061702524,32.464765997971696,650,424.70268169455585
68.38795928070874,68.04034218597668,129.5128449582302,19.868872390040252,371,422.26088101763577
33.07748217537436,62.39912278295133,342.964393835029,35.99053868617402,61,265.45304831221
71.82033035768495,76.79072370906862,147.74663095904367,102.99071389845555,473,531.2211860123186
49.00515097254031,36.4188383296175,275.00866852054764,133.4366856580911,122,346.6834273418486
90.25474915525508,75.66167415012168,292.95270072844085,123.97759598276265,637,623.3218073573884
30.314070810949495,62.47599472056662,229.42916360076853,105.91880338242777,907,562.0063188313729
45.57997632876939,87.77952023153968,156.85873684385595,25.460460877554375,250,356.49308179122187
28.51051409304418,50.51232996232116,124.42553172988364,50.486242481432974,571,414.59161897624847
89.3520213708922,67.9573135880369,61.61627409684918,53.372962545145654,913,613.2484345863874
85.80045150357357,85.92168633060105,156.38124043425333,44.99397249566697,554,562.2996763220918
39.345622078636666,36.15058367944076,278.60697668594906,82.10079235936124,787,491.42948759236907
69.49880345256344,86.23370923418707,378.40668645696894,84.97753408315415,737,612.3505173064516
81.29166501509118,71.27314333804881,354.92156879206823,59.96403652395543,837,639.0542532337297
61.640060869959676,34.07022354631032,318.1226717873559,59.53048222310104,88,292.6873710370067
59.723793376700485,48.057814016808976,325.9565701386545,125.9977837068514,109,380.1412116355366
38.13892181753388,72.4903253187169,282.74471621659836,120.50099876475599,627,485.1832928612189
26.98270758544244,34.041036088126305,141.10040014810104,53.09141643530439,370,300.19376480861337
87.29118184649951,64.9302276105764,367.5182607470405,137.9303821422563,484,594.6367394461731
87.53135428724978,50.752983417177404,284.7563091670419,143.39410238035086,685,594.6242308938167
67.4826092954951,67.25493106604863,246.15422084315398,55.74395588420572,725,551.1376472384426
45.42723432865255,32.74452202875077,88.84631422471838,59.61949283102768,457,361.21650452757746
46.19071809594956,82.29220836914257,206.4694403322489,80.78878147907423,972,619.8310344934376
74.44667591526795,88.4093381506438,211.1253949206742,141.7569137547143,435,563.0593402850411
87.28326949644328,88.13267131714149,352.5972633329345,132.68472063992363,720,653.969410394669
86.5314818198838,74.97910990457548,241.32687706572597,24.35951476170257,618,548.1393066051888
78.49066593932179,37.80517440783792,183.14019213964337,64.98230405799828,127,352.7830014963042
68.15237346157159,75.49579175574135,391.8801149787308,87.47196656496806,243,454.6785902024736
26.31049737462866,31.47521498752809,88.75220766421049,80.4385461572156,334,330.2734123162992
32.122153557096034,31.327413091739835,197.89194990918062,37.140829511164974,576,388.2532651025141
87.39156413953094,49.41661314897247,64.70863630999185,130.23434796354167,573,577.6652612822072
65.48217947446925,59.318591424279944,308.9664422684256,104.77170961955723,662,577.7320342730684
20.689778871247224,76.22444506846759,371.3267932697027,127.3071724792525,205,349.5464731807787
27.610365714952408,70.9977225963903,148.0130653426713,130.22699910892612,389,450.77811119619383
69.76263268310419,56.7541623826049,350.4195868796923,114.76981951320357,174,427.8601728772356
20.379618788466402,46.41759997689995,152.27638066166423,71.48948417496042,920,498.2390779325468
32.0606038563124,89.82747000946267,368.7695565753703,95.47654570215944,329,432.8382939718087
61.15503420249396,55.57087813415838,313.88666625887436,32.451156856764044,966,552.2125335249275
71.89213982695199,57.08322145978053,331.7173718945035,104.31035844648707,955,625.422462402264
68.89709446269504,39.81742927150015,56.302294460159075,35.095455803499306,671,511.0932611969797
36.820198209541985,77.68857292499575,386.9836249759091,107.15294267142195,895,591.0211663797697
73.41344160106519,71.62093354688932,304.3348472246131,42.143742505555615,918,609.7134090907748
37.793681562260005,43.24617676732562,156.66288338514664,26.457182021030796,707,401.6761844075072
44.40497736194508,34.94286273695056,340.2881327005964,33.13982862001404,777,421.20054561539047
75.9868553838518,70.82995812448279,148.53241944522549,10.278898930669838,959,602.3753895227179
68.72246742854111,69.27067285686812,355.4638438481448,110.62354649949424,723,589.9180229118052
83.69175578706334,46.395571619892564,89.40313664417795,112.53614686817308,177,430.14047363335305
69.32096692252576,87.05181373502462,296.2900921112785,82.09066898785632,363,495.53526844551703
62.62314525016037,39.06347350685401,239.2444668257186,32.59079214775372,381,424.0033561040186
27.025607587106936,55.940088062556114,83.78706456840428,21.697607251496564,199,258.24783345446616
47.57868522945751,86.61695521005593,134.66283989059366,12.678055301220182,503,467.724049673844
39.89017757612941,55.18363901556734,54.34141269706018,33.2047447751309,85,297.4600937966135
38.299223253431265,68.31155685984513,214.06878791257705,134.71977489764055,734,572.1140874201824
92.97579160643342,53.855663877767654,155.44284126600013,43.81515783823545,469,487.78467864912443
49.482329350007035,46.452912140920205,259.42511950421556,59.597985810410194,71,260.39296883706794
86.9034916382835,89.0386588775897,154.03323269801604,24.748367827386645,255,463.222543401539
67.33539694979471,54.560040378902585,154.97168902744465,41.13058266474384,688,526.1915621937572
79.61084776562363,83.64595222074806,310.1176195560612,82.69143990922872,897,704.897525075412
57.69778198288941,43.79727635346517,66.8499925924237,95.08537563339135,405,409.66061991775405
63.267791346976935,42.786282241505,366.0132483171955,44.34932398326955,489,418.0239374591216
56.93882703641479,31.86804497307068,348.29235603691353,18.08250229151641,778,440.66843155719175
34.64322408485334,69.10000952255311,283.73163912924224,64.74460167783582,145,305.5625839470665
74.1839086446129,52.11158062342567,257.6275495375845,42.78847192968678,978,617.4537164528263
41.05792718306418,81.86149499037822,362.30587434887826,40.73754925217227,990,570.9120408661189
21.823697482359037,58.392594401493426,114.86556283505006,144.38079237988373,213,344.155496924525
68.41042219303759,88.09160567488331,77.63920676679001,96.28206802960136,197,471.02382459652677
33.283300955528674,41.13153094218727,133.82855946833834,87.96298204409342,579,431.34905976048395
90.53439382646857,82.11739007733664,328.1023975450666,68.20851449326507,343,518.7119083222576
91.54464327519405,76.59581116750451,62.134593354269164,70.0522066802202,244,464.1670214818397
88.61482926653363,76.25531067864313,253.98239227922136,85.72670053733131,712,649.654450545191
47.761902519158326,80.68699368701326,398.4031306669585,107.50017298505502,529,511.5442379032764
21.15924623966506,75.66143945657993,349.4936328431388,108.30045346545612,926,617.8548172116602
89.6238921940794,67.57321929788492,232.50599116525632,34.03714707876294,172,412.66065438739747
52.11381112379858,37.87469266094325,72.27431825032482,80.01578529072778,449,363.085332634651
92.49911142827521,31.951570769475115,340.98073003499843,67.67413330477427,748,513.9073749590451
92.27149828169397,85.2508708689412,259.6424778620237,131.87377527771378,501,630.69732192588
83.975709160052,66.99901887124429,90.2265489708484,98.3986489705727,710,636.1787488500447
42.08366690521893,77.79223745857058,82.85004968817466,84.55056929823745,153,348.71958283840667
48.882329645144395,58.891341090753,368.36938680280736,26.155249905048432,804,540.2454463060001
83.83525036376426,37.038491337743665,284.2200920283275,94.7893045052776,511,535.6196600782482
43.769150386720824,37.511147532153025,340.25037976086446,26.40854679523268,792,456.7427947766803
32.71195600145694,71.13391723373829,357.64261509879356,57.20892057920529,767,508.78100316400815
61.76009468437626,55.818353693967765,250.12032321691277,29.997875074006462,759,526.8366243166797
90.21160806205857,42.0314836020202,231.10622311426445,106.89031058341165,445,550.282587940287
72.20223475062298,59.49567280448621,200.64959361234656,38.87529593706137,961,616.6909347925359
62.75458775670237,33.85253622450804,160.93130572689176,64.86031224632364,386,397.7348626926487
27.28823703280764,64.91828411486392,202.10858630054912,135.394468866629,648,518.1154992829473
66.12554200243773,46.13960426610586,320.8578795055547,38.60429367585584,191,350.3911309737034
94.25403875781974,77.85354603823129,260.67320085529605,81.09270895422908,366,548.4507674818695
30.506301142739304,48.621717535414426,362.3831514841961,68.69803256324309,760,435.503138777604
58.87472392728026,57.31320894490807,205.1830050327157,12.537365746402163,607,452.16622286799344
85.80298039459666,30.697232394486036,262.4813525515639,120.98613590019379,849,628.3495282526723
75.55764633156534,34.34681326767353,270.95764358219606,19.66642688404396,576,439.71171073083275
72.2761805746451,53.549613384401084,257.09400680721393,76.3957029367735,605,533.1766724596619
72.68630629903319,58.796330083027414,295.9218205799307,88.494961291453,450,527.7864291671507
46.961836341481636,66.00123288715822,133.1017139311822,97.97970392604219,730,543.0736277766232
42.019388319837006,47.499754722558194,229.32732214102674,106.40842810310258,359,411.9495728201472
80.70208666088851,71.69891316759255,86.47868098292169,45.45813369318011,544,550.644345236741
80.75850460093855,81.60734383135227,184.5789646756844,11.397028732182912,605,527.776938053489
85.03042389350777,76.791059333601,220.68347401744253,111.28211272968768,659,604.203862923991
88.49304144173534,32.37712952090143,278.27849084091537,84.99192390866101,822,602.4608932735101
58.350679914570335,58.830416835469734,382.6858684051712,127.05647844901483,158,359.9588451055956
57.61372210153997,36.29581070509049,260.22787329192454,124.9943708060972,844,526.8993161463397
79.87213842250813,44.522700951751645,310.25787066179595,128.06566349030365,421,511.94110000721184
68.74729480833238,89.19975559602878,227.19312082332095,77.91325239713562,904,607.925417266779
72.64751579432775,38.5497325740908,271.936410981716,56.707975417161194,665,471.68265593495687
79.68445020770758,59.933289207081366,74.8262756468207,120.8181483627918,817,633.4213816460641
86.75040063631747,67.08934405908715,139.03705329464646,73.18117582409569,940,650.2514310256246
45.349636763865185,72.14789823264624,176.64858262179854,35.68190749648083,255,351.01051680294205
48.1687214479958,63.578921009214845,215.37267425227975,129.6963627386064,896,636.520317416069
27.048645488065176,30.58625084515102,65.97706092583431,133.55838274812862,92,289.1929896696384
63.37101057471305,49.58767849463951,99.00843414366119,75.28336585962381,914,568.7638235434952
22.695670534755656,61.06269860308269,146.88500772695704,20.597961823370245,294,318.75257988851706
54.91985135993451,35.27198994869,390.0364418153677,64.29565258837037,336,336.4070649827165
60.69834760306825,51.037615872550845,165.97145248606776,122.49527232476447,404,471.5870070502163
41.49059390962133,31.992186527481994,218.71437033922888,136.248363996472,834,509.3664393074092
64.31249454267581,34.71470982930124,118.63419945843752,38.48618394966341,525,424.032359103645
22.287518745428706,53.815396572095764,263.7730248765189,19.376305683538014,132,224.02662881797949
22.801114156191083,37.96294524258362,148.239125430591,132.82906343859742,159,328.1546551576629
81.69504204947437,64.05245089569348,122.44740245344937,64.51669145704254,999,675.1959030320075
47.014298105844716,71.36789814823595,230.80041995609267,85.84653499745886,239,379.7148847921772
29.52953844889136,78.03520194654497,51.92702970614729,145.52921368710625,849,581.6564579509603
59.168244504110326,42.009014654688606,52.682411427228864,19.3190619079912,985,536.0033258560044
77.74951648239582,40.04895493554419,126.67408318565022,100.76452104329337,958,671.0955114034293
36.18657706226324,36.274070420064014,62.8524768752874,20.37475916048139,300,315.4654367051692
66.71678568642503,68.1858149726182,87.80901394574198,62.56564998531005,773,548.2994501126523
26.4010598745326,72.38854358921407,168.60122726856306,122.53403632708255,340,427.41667095457933
23.876129087645577,31.895168689538522,330.9049878529345,70.68611258578882,694,375.71527270028463
59.8515973676111,86.17273477462139,250.2170251792553,149.60552954641307,250,484.6998713131374
60.54763412075799,33.118277019088346,229.43370408474576,88.26829989252431,846,526.6360366269188
67.80724261236549,62.47778011806423,152.72108812284256,54.96270136903349,375,457.18690564850294
74.45685002919961,72.54363116705498,376.11380180148575,40.81558562666544,560,482.5672649145458
93.18890595969009,82.25814742476513,188.95526443301708,59.07287480006266,458,553.0103376050274
58.72252612258965,72.84521592794567,80.48246837852002,62.15465832633711,656,523.2508052294868
44.221735470593444,78.10368498418751,265.9732806412304,19.619914881354536,839,519.4859537279616
79.63896460765278,50.367011552568364,89.84343771681048,61.740387919748244,990,664.6524158948447
40.31241884465557,78.88950682479074,170.82809998059224,74.99339276349149,886,609.9477559839767
52.92285655292271,34.806890783080505,227.5941785512331,111.18328531343265,557,461.2148211621529
25.884228600669946,83.68899936363167,355.9778836398115,101.94212786102511,780,535.9373325236077
21.901305756159314,62.85554256922418,222.74130311904153,109.2271917320816,650,440.33021237575684
92.19863110084438,79.03786619774962,295.7905681110825,11.170915462759993,121,398.105614123737
82.69850903841544,57.13909707109801,397.4858936496746,40.47343594127504,296,461.3504775514177
72.19806545702735,68.6146617117915,96.02119196429356,102.63580037597991,690,583.8520569919674
50.67147083107024,61.58415965616679,146.15603393183181,77.7585115451646,773,552.401176045398
32.997074005313436,73.89537130531991,188.10162645917623,10.743886593568433,989,504.18236776507615
31.732778200331452,34.897798921835374,197.63986248859098,122.62924994045513,904,526.420156141108
38.76821736234465,33.62112503943383,193.85737634294102,118.19334026064723,657,478.8721006084108
61.191999852959036,44.82619404060878,367.6638508947942,86.77868281909878,636,501.9634849830713
73.59469420250468,39.5726808067913,299.91142556339975,19.304865608678096,984,583.68564879035
69.51480325382985,82.3070139955321,262.7668249317463,117.31210693456185,615,578.786375357434
40.99504227094572,43.15283924148266,158.28045125197372,91.71990228239095,393,352.99549425355485
91.61489604973956,88.55191534914788,338.3266344774531,119.47439680211428,974,776.2789871713378
75.34226875218263,50.213747506266415,384.2711790197461,115.24457893541766,103,380.3778361266808
61.576553938355055,40.927074941321955,337.4193988925793,122.4202900740972,779,576.3120328980104
65.87905596757642,77.38191042854875,50.54778681701551,82.52112929664747,577,545.9650183450623
51.470004682084245,69.52246653005257,272.74047956419247,29.6454325470921,660,445.6649912962812
38.579824212586814,59.89174298718834,67.89738350473525,103.96204627315642,581,495.4494082692818
46.697950898844624,63.321813056257874,140.16252711680266,96.86632990727588,607,486.6403414173174
76.83845828482768,73.15210669633584,70.83364512172008,113.91544620787221,242,478.2385260201961
21.07951164723169,43.70728447987793,261.3284085322857,33.78334084710294,944,460.7829714126515
28.705448038018716,89.78003496340452,290.3064697224124,37.29652798604049,107,336.47000095463477
23.450198151631454,88.487589728807,90.07067332306679,134.65733241070598,486,510.02745098871935
23.05466017392276,69.01954118081622,184.3436090657428,114.99689178328991,160,303.3894538702873
84.15954380082555,41.972547055748706,209.6827781344397,137.15198841804522,178,489.5760413578741
72.77433945350177,70.81369454587748,179.1685576163208,116.2201449629489,898,650.5792020458749
55.56303718154939,34.33190453875055,92.35875016981757,93.60174283864227,755,556.0540589817751
27.337562048825113,31.839150132348365,196.6317265656164,101.57858318390231,974,520.772524400495
56.871190633762424,45.46097331067282,312.91231673294635,134.4779093516014,901,602.9978345929765
55.510382808542424,57.75737740435898,74.85268258663942,91.03294563167168,375,428.03663356740424
32.99014024325114,82.09635032450282,78.0630049286662,98.53478540597423,57,327.0368413984461
52.53887369284798,73.63014418597848,174.16995214259447,31.90674024050408,78,364.93628661353137
49.887855079803,74.56239127199886,379.60399906662377,76.34897081625438,161,369.47120973419516
66.18875735391623,55.52960006688452,284.0004263530199,110.29559567413385,996,646.6624626966926
67.63202381507328,50.75609955281777,287.5344848353977,47.93197776429116,722,517.883994320665
23.397800732903338,52.262325779076164,176.67199679325273,38.31558527343489,180,240.4948544146747
48.095946096985344,89.25897382416346,257.78127692298847,53.935753151418176,237,426.2713661371555
66.93949367856773,32.406551484748945,53.545914409710186,43.810087918996686,724,455.31526820559355
57.735219393506576,82.02188976734692,272.63361624333976,40.08776918509542,758,535.6933166446818
84.23673808912417,64.7205245143436,369.6504316516829,69.47911800153217,524,547.0707635479254
69.40202237142088,56.31692515137543,264.4007139206867,137.0973919436948,413,507.70438864020934
32.220082031107225,73.51545962490819,355.79450771322075,80.98835054342057,253,376.38833758431406
25.29265605503224,59.200136485482176,303.3905694131328,36.308853314145225,261,327.3958818233125
68.18144586547368,82.40539428489964,92.19544574129159,20.77603371332237,670,547.6678410956042
21.988348290621637,84.04211184067552,365.8586575500446,107.46186031930954,325,406.25887950052703
63.93316859550975,55.30325561240733,73.2553455245212,63.591827021094296,122,390.0815352235419
90.51726810687182,46.60966783410309,236.8886153917173,125.0563325219503,728,606.8273810065339
63.16056334069092,65.54101971560173,99.74799332771019,102.33150760970783,821,600.7916695226995
49.11274446548914,84.74180073700145,54.09731375581642,121.4738030757916,292,459.5084258670584
68.24661638317649,42.63973134033999,197.71199104467365,48.072445518582825,836,537.6623508713895
54.368966786863744,67.37799501380897,153.2642476789547,106.93024914454814,151,369.26491227085626
60.92125919869512,67.89361320555123,220.10017282916107,46.96867785712063,734,499.7848839882036
90.60986065823938,73.98678134491686,252.01996035709277,141.4695871230408,220,529.7195945198705
48.95769783505807,37.894061107635586,65.30867530813157,99.09239941467241,702,481.96093115229434
92.08929228679357,72.94949788092532,93.05115329331097,55.431652024547894,958,713.5043287942391
87.90129814670478,84.54195123993847,245.52483875764887,47.73166072091817,237,460.45000526534704
34.684335109197235,40.78098653221452,170.10857361043037,36.729721910030094,490,351.8941423949105
25.20209756563741,44.25259949543266,305.2107206423068,107.24973424512189,135,314.9696774985744
27.558350103307,88.28370564249838,278.3020770071789,40.62018581970982,525,435.5822600750838
21.36663692386623,40.85861716256939,345.9615270464674,93.34245722984846,101,255.48481681972433
27.08322205669463,81.26310560217475,292.3724893342288,47.04890376955003,160,298.8855905770025
71.22550800622676,59.53667138688209,200.47587708655183,102.6756522711416,998,736.4505809896714
25.339148634517173,44.833864464190626,285.53831783805134,124.09156199567549,926,552.2380588070955
43.9231722720321,82.24499407635068,146.38341098939648,118.92353404025144,903,648.9412544384793
83.36564832270909,56.71831530015993,157.20972457237445,116.51918633030944,92,402.16520825523577
21.74539518018694,60.88904123578141,326.14480597227765,36.28113679691529,260,280.28955392310473
81.08513619417019,51.55400216398594,206.24683074055375,22.37389257783262,249,424.3473074623912
41.13910810800499,65.57705108609565,329.43311918142336,107.85283598823398,859,602.5646804228533
28.86236207162422,39.81143235510137,337.84783078389745,61.56860993120918,907,497.9492026955334
72.2552874023113,53.46489219910564,350.1468181814493,70.52847169646861,801,563.7992726245154
67.1707135084913,88.16473934011725,370.8223325444226,14.36087299107475,676,526.1965189808868
85.81040101452898,45.48800596206765,200.8448271796537,46.34070289850689,75,335.9031585858424
75.13032828529143,69.40419987247753,161.6033864123986,14.714696542424964,968,583.4017270104663
80.26106977886364,49.511403853481696,253.76956130793985,133.08600816417467,348,514.1349355545099
41.15259294284799,76.40838754119605,179.91034820316966,44.07553565059427,126,330.7548201738066
33.30796578347921,37.85241964310099,260.37595838008156,88.02720374022113,973,550.4379003506323
76.29610637306438,88.18926270471269,296.9550519253386,15.457104892558258,186,396.30383095799914
80.5126054450448,57.22737248301836,290.9417564722479,103.35863478279212,69,405.3659569435141
94.2878856500505,44.16302780078784,181.09351045704247,55.223828405573144,489,487.0585004262586
50.946325768356985,34.409804839800756,108.40107059456349,135.7086861740732,260,375.52814648026754
47.901356434458734,40.18547430525244,200.68526846177264,134.336546450765,801,587.1914102102515
78.23097205564977,61.186436913361064,99.90795042866806,55.54068657064469,600,525.1042946746718
45.56026551897634,50.22019058587718,361.53396231433294,136.1345253966655,484,480.70752399983166
89.80679942026735,79.73300195295657,171.05711125825007,149.46207428982905,829,734.1978414789828
84.38095638822588,55.85325141970836,104.06091152816333,125.55819297735273,256,482.469162012557
52.17455205312638,44.92285635525779,58.90671596701281,128.28198868573207,488,475.5716344682282
76.3153300843623,67.0286991962418,276.03783520026946,44.86122305527259,828,565.7301838682312
76.59071555635117,72.40663301312675,272.91581110916013,90.73833584008588,715,580.9597487357295
27.734290162694947,40.02251447405699,169.2114583034521,19.4158279554315,91,189.37871929825164
87.6914680009675,40.05715297729906,75.09916109667785,23.28851115503376,460,454.20864272832137
57.89392793358929,32.20028561601258,193.3701132133312,149.84496568466068,572,506.98206989536726
81.98430995808062,74.18412090393844,158.92612327218774,55.729494919627534,855,608.4077659324591
44.00372007729588,69.8282716573083,286.9922239072533,114.7457476868385,659,543.8484226227292
87.16424213721504,58.477852544988835,262.0227373084416,122.93310742375431,476,564.0608782499988
49.19012590506223,80.65022693815183,177.607804869139,130.12325794101207,324,456.75487874417456
20.812823861022377,78.34020917700319,126.26239398924653,149.66796163630192,497,477.4137799040056
87.90364823144478,65.12126186380513,395.81258815445716,43.8095079359615,951,654.7796291085759
26.84650075896002,82.09627683079552,208.9005674186402,15.649115760357958,991,519.4896022900112
43.948522819281116,42.350472602206096,290.895982523083,67.56681251924203,933,546.7007398551841
91.25464752881037,36.71517716386367,99.19353865242627,28.21129377605257,791,553.4715679075296
91.2955360203167,46.18497669101937,219.95639488078922,13.139624482687717,418,417.79624255329213
63.007841609246455,33.42521136535889,59.63785195431292,60.45975579980806,987,575.0172396063397
67.38779091273494,61.87017168006192,226.90929126865748,119.7233551505331,269,461.37249519910733
53.63341414837398,86.19634153769769,387.4060924911958,89.26529677150992,626,533.2535554977264
41.99080787735484,32.36061244011058,184.47234954503008,53.788918489449564,916,489.40799620911105
44.6498409027437,37.32659484060161,63.64860440121905,101.60788076898076,281,340.7074800629507
70.43888420577788,57.13194169700611,60.83452682177023,42.4825452432335,377,414.6817377691738
76.428089707826,86.0325010516743,185.79536598140433,12.013402450091903,492,488.87401274449405
79.36842827943863,48.96936629860503,106.00872776211791,117.00947410109983,101,395.2080421137783
79.22136070959155,60.43408852130355,58.17323371486507,97.32403188096127,935,627.7553217410297
26.840457728651778,32.494371543023526,314.6747648825619,116.7223674301344,992,529.6286062232139
57.08152285269361,38.90059205772533,210.48305310866175,15.451322336273186,425,354.0291495247537
24.31690700124832,89.19780737753081,151.2356701904291,127.19674789629131,312,444.124697578471
61.21466617428017,87.90712178616273,365.0291140557683,96.73366800508246,316,488.37224772740905
53.11478760300328,30.296398856064577,90.64863607018395,88.87534909976962,408,411.89887434741917
86.57781370687248,87.10870712539435,384.5715901343617,97.44596673603442,366,526.7950835506846
46.3186259414059,68.34719626893002,159.88835108207348,131.02065456157098,373,464.70558551705045
28.78002623207044,82.07509767120132,360.9412853080384,92.17111091824698,970,546.9486577255097
30.724376153962687,57.28439133803155,261.0300067678115,91.3330531843451,957,566.1201898260684
77.11329737881042,60.93576171475502,339.34757590952063,148.6950819892072,715,641.304256399135
66.36635474871957,59.33079481541521,394.4046071236625,115.94222338959952,919,633.1501770750231
27.58420070920927,70.01185545276627,150.94190323656102,71.92113276315894,927,551.7316870425307
26.308010458624807,38.379075285378775,386.3974198926575,109.03558000460988,701,427.4146123416046
72.57268485943399,31.798415392360678,186.31866321584712,64.4922660368504,988,574.8154658288928
25.457225477314516,48.47579649547146,184.92916665792282,42.04256474768986,612,406.1711822646336
81.63950444677673,72.2808457641988,169.13548648907698,93.55926276428632,678,610.1727533220721
72.96816703673721,42.1112071273769,239.49266257165482,139.9454937359532,470,503.8224495324069
26.101158548142482,70.40594599949503,103.95076511247049,140.07953280216478,95,364.6021086853535
26.362828556389395,88.19472276643623,243.7990198753039,57.86673893476865,870,545.0770947462463
93.99796838758816,35.6340429473651,239.5966843435014,83.8748452710373,649,543.1624581346107
48.07030968170902,70.35612709350758,316.6656344117045,39.629025799780564,769,510.42148443143793
47.798161030016814,56.62501315827427,341.77748667815496,149.38835532984368,938,622.3361722350892
80.95996754431269,82.08853526265032,204.1544726093484,147.356507101511,318,524.6624246474391
91.04364330378941,40.628987366843155,155.81663727302282,100.93125015904263,650,593.9094839031197
93.95007978671532,71.55755713356987,140.76721406098306,122.61796835484627,430,560.9703812918107
76.50336389442063,80.28691737888661,118.11834284670518,110.114022579718,167,444.9811076350074
48.219468914818684,86.6768531684414,70.17665376965871,93.04215066552555,615,504.8009717044527
26.26255375240016,70.99488169737876,169.85679259214967,17.46871957844568,165,219.77304836184243
78.28601869455775,59.83048584050564,144.58669224577415,73.66700795737255,679,572.9813098781517
61.88031873018538,67.07083441207283,388.24608505324255,104.47008230343748,309,466.5151286619542
51.81665069352322,82.1342990687231,245.19808918751536,104.85442594371585,124,421.77906243699795
87.9765788821052,64.23658479832977,171.54696366067765,62.2371665791337,529,527.8169819016084
28.33981117296135,31.82322358181021,253.1636603477936,141.83687813212427,354,367.64410967846555
56.946882821814434,85.85692173041866,98.71884547099343,33.429984513149336,56,326.0686735837135
20.85152335755643,71.37160506189366,205.41531222077103,80.05032247017849,415,378.9695596873321
55.14954814955947,70.59080314663478,269.18201249737234,106.7237567171152,683,578.860113407567
24.2227456761378,42.94050914386303,221.11424112735799,107.59901282485329,572,420.00516035337364
28.911343720105393,69.53312821395943,190.6225802290135,100.80945394763418,397,419.43135883928534
28.814468508282864,53.63186433924951,397.84693611489433,48.540349883260426,487,364.1688767928402
68.69077265870476,69.07397862248953,358.1101667521244,31.868919616127076,264,422.1046070684596
75.95336594490675,36.39558181847944,268.192085355804,99.03164575573952,478,441.03064363342946
63.75265738228697,69.47071827618217,249.28207641379896,93.90229625952128,840,584.4227456921033
92.16294113559064,89.96482354623998,267.2311679386044,35.10984144049374,547,569.0552012276274
48.115293464277805,32.892722331633365,120.45923773785164,108.71948037987887,589,494.2574697545275
41.42840647113955,88.63045105327905,188.29821014251152,73.72407884271189,796,559.0797486011918
85.14493461420952,54.41447764337224,63.81083651181476,103.48648282444141,416,492.65335583848366
36.76968788895895,82.24520702023554,216.44111312038933,127.2313911678211,362,477.305553345695
92.24169045804585,76.94312904349641,240.05860438518212,33.76198000076924,587,559.4816273222497
20.911585601736224,64.02097565920008,129.71240763612337,12.680281519557134,970,514.8031361478031
92.74091200307292,74.30695255507959,387.4100965079298,119.07436209541015,103,447.2947208202065
23.236993396293208,82.71093367808086,368.3091138280347,95.35763952136622,590,498.05986864701924
86.83573352735533,54.24841929906198,302.7501324095671,107.94953974709703,516,515.2345786656158
59.57758318147249,49.62198969379432,236.68532006787692,127.34169649840996,914,613.8980651792671
94.47235970894752,70.05560313381508,354.4892058766897,122.39353087543007,213,514.0986038754402
25.534742355154915,78.47075651647552,95.72832033821203,144.52882057003546,831,587.4189435050334
61.539071330099056,75.73710808659695,326.67842799620973,85.03091103929656,383,490.82038034117807
92.69769017143243,77.86881893151806,93.6872848883969,78.38938857238675,596,557.1769192578668
59.23233831276116,56.13499888877598,327.9737318922919,66.26420798470221,847,562.5986909404288
67.20489786014468,79.0700529705013,146.51864888797493,31.516745998188636,397,471.32111263027116
72.18115167384629,37.212543322236506,356.98170335636615,90.16501260348313,322,420.0990129552758
54.090579857582995,62.669345877650976,380.4147328388892,48.781753405637026,769,499.063787660818
67.06685600630476,30.345519629887296,102.07858929179048,138.98305170981658,799,600.6885807218268
63.82357339423252,49.47514979401622,211.93646177288772,91.64671259879366,463,451.11103615565037
87.58685078682417,51.98769209228387,393.3455823569398,92.99762527113542,549,525.766879687725
23.40847852560934,53.770361496555324,219.19260259060133,59.6894525227814,142,248.82134625660663
41.07223921941727,71.72803240139173,352.2416328800908,17.27850927687905,734,469.78563220344614
91.28086130574191,53.31348607622074,256.05603274596194,14.444127152218407,128,366.14845785504707
86.76978379181872,56.921617357351835,181.36546777186064,69.26692018144766,671,540.2535286707617
54.17425645892847,44.252647852459646,150.02424443405457,21.8391529336133,266,300.7258895088382
66.50994483511525,52.39510749776041,121.12808188013055,94.95857377561947,996,622.4897524201224
40.80358872358495,43.63617763578909,316.62936698219403,133.33622078955204,407,406.7306475747624
34.1090869792821,34.39175542610662,185.28917738805976,133.6080743126211,667,477.52743107880957
54.77738037049866,66.20691560288267,228.9464117702629,102.26635741851254,556,514.7026520081489
46.50141710195396,70.09276791330097,222.31391800041368,39.57245640621034,608,466.6774274041595
63.7742083888154,67.16942076057687,252.04766023159593,130.8195563902421,230,456.4648308056458
25.83009777237386,57.80964262803434,352.95200096859327,134.05308094384912,625,516.5369585476508
93.07961057496249,52.78714681075379,393.2587702542003,37.531501893414216,295,442.3388148733301
93.96580583597022,81.80001897430952,192.65447300083594,113.23965200789482,293,554.8026466975056
72.36212855148088,61.144907108173086,339.6316227372061,50.112736849797216,555,484.7394922495197
60.20722747580903,58.75091265778386,317.5847281291512,122.36964372941016,471,516.6166617750519
43.214571221474586,31.538523948386143,250.73513300945064,149.61330598650437,369,404.8805226788655
81.03462647802115,50.474869657569386,384.6165002641766,14.203640746114994,136,348.1734365910602
71.35483794154095,52.811737127151424,120.16608043494098,135.63122121073047,266,432.8049211787458
32.19627045086685,53.92936685381403,88.2424736083675,97.16827470381213,539,438.04589358526687
88.31953883703818,64.81034215363994,348.88668843439774,146.27356668307496,568,591.7658395476095
81.69029321923767,62.016152803612705,203.70243582181192,75.10133245369987,327,483.30659469653244
91.2349934968943,66.47430556760668,346.4390989724712,128.63431027999232,898,722.0064228091682
74.428963129127,75.8929956925277,362.5815718183952,18.735169603758813,771,549.6530077288706
66.00613969518423,78.7791443229656,71.860157766675,56.9390670109614,218,452.12374805607675
51.368227721796416,73.08738457358967,359.21266704512124,19.382315285169398,379,385.85581860824334
89.954636251551,87.33142175729608,206.91166937929776,146.54803868706986,699,655.6044580752514
84.95479171253062,31.093954960581698,228.65137115148127,124.37634701805715,490,497.46923407312596
23.391400257964207,41.74667914101276,269.3073788826236,129.35663897443587,440,374.0053099598392
21.9775230872939,30.453772498688526,374.2339123555304,141.3151324007452,545,423.7798528789419
48.23475251585372,68.84848284927618,56.69063305041741,21.914488056769947,430,371.5665592175886
80.79149980863747,83.88183293699922,216.895213911236,63.98366295186667,355,484.3083990681422
94.04570969862084,44.608937794577955,290.7027148506962,19.944884466160296,791,564.5517770727722
31.281266832764615,85.6220726877784,302.94743519438,39.51103421700401,869,536.077387965036
64.55980365141014,33.61604341737365,292.38635103798777,42.11120878527413,722,479.5797632102645
48.56681424732662,86.06616160833086,97.05229529284264,75.67500954666102,562,507.89288892535967
92.74357983609524,51.09736123437806,154.78845593008845,47.59870344350996,797,581.9021623284125
83.15891923517816,36.08524970695299,175.5504338959547,24.136934954486552,998,557.0802198810484
82.87465285333533,59.15230555117954,331.55302268782674,33.44875247317508,237,394.4000015970871
55.15198698462277,45.40659406323048,147.56595534509356,30.61857889729273,979,555.9837238682312
51.11146267532489,47.092374117715366,123.74673735352111,146.23075170772177,565,506.6073881212121
40.50553039480297,48.43739789557719,385.10680666333366,116.3009509685863,962,593.1376858704508
24.228162248819533,78.1815538699598,53.10214978971411,145.48660513773868,693,528.28227882258
84.854178219129,62.34967660051527,399.2372994886924,71.5636681111072,476,533.1705274254753
80.96757568475581,48.67846194936022,286.88745460008846,48.971587432771926,551,438.30375689034287
94.97882549645979,66.6200269986551,339.96425480719097,121.76104760928614,779,673.8253398367982
94.7477627805429,72.96904045339161,153.1167887211676,55.67554852576055,309,513.1671320042072
61.65737792019706,46.35744004401202,55.01034718347099,51.91367231874876,562,482.9358240822404
77.67405613853829,54.81294609152109,308.25433149653554,42.55083890909637,120,352.9716791567858
90.8574297411821,37.313165600216855,341.95060895023653,28.15505695139295,527,441.7846903309461
83.72355430080586,40.86896097208082,309.1666461837317,45.90482854234723,227,410.90386974047794
38.55110763073982,70.86707123789897,99.9976005552935,59.74476478634428,506,431.9613306112923
53.790810148257016,40.88630086173762,313.6997727899392,104.35918914040226,238,370.6190321160446
29.686956136362124,61.50980302002361,319.12297373767433,18.75907791072322,340,300.7887863137836
91.55382704440417,72.54277570334597,280.48918048451924,39.47097155314801,569,519.2008452691806
65.463097583816,36.41261538568463,318.14057647845516,123.26330964083469,814,589.6330293373137
37.1482104127597,64.03873317773422,346.07250388720627,30.569069301727907,969,548.9072051286763
70.37755133043925,45.393767022081825,264.76143998311045,57.97032051315301,341,411.55288964051215
66.35961803434219,87.77561251425479,81.01164988938767,131.05224906013962,995,702.4435384563014
46.86220385246304,59.01273880319548,220.6697333835238,31.689543560081972,805,477.7951742556019
28.516819414972176,78.35955298650948,77.17726713506177,21.583156986546584,684,418.39452079454793
70.36798966945997,63.01359252937571,192.6400608613508,77.83531931120152,860,594.3137200603853
59.0230775677845,32.60475197128915,192.48727119396966,52.338731578995095,332,338.30719706071955
77.92387938017295,67.98908253564134,73.10344544908455,88.87717102773958,593,522.6469254801787
59.012262583399504,87.08420053239942,172.08718688931776,122.53268466768652,895,678.2038739466083
83.9136125238905,66.09670920877987,88.84933457696019,29.200788341384044,426,441.75164230435877
61.39301290808642,79.15133156560742,332.8823235032278,91.2978718375999,707,596.3297742632785
62.07034786515397,83.05238780090447,381.6908090875648,80.77122645458095,205,432.71769279759866
85.74902019937588,43.68478631693595,75.31076634027852,30.17103004184794,557,484.14886766000205
50.26121496592978,42.7226903944936,384.2903225520955,97.35978797405754,462,464.40047682404776
30.051142133798056,66.6588593310595,232.9018097678608,48.30965850050803,577,396.12224738330127
22.158700723500424,54.66170818840229,154.84798728385584,78.29680459616175,404,377.6228473275096
76.63529417552142,80.39167817200322,76.90172634665723,21.518125398788662,608,517.51975446765
66.52321635150986,84.00138740388067,225.21849382464623,74.34176800990723,812,663.5433313493573
72.80598260744176,51.20528275816309,328.08044057176204,52.90488552599484,236,377.92790915013984
35.97231211316831,44.21223353846892,297.4802670433444,125.13336956594961,80,301.52350346428733
30.227860669007732,76.83153091463171,67.57910401239081,17.97702177963156,309,341.29535063081363
21.090849925091145,46.48836213288817,75.51564237876623,68.6050184885662,470,353.62008719619473
46.29406691049478,79.3568591108207,191.005648921423,74.18039937840132,578,479.1984827439443
64.24382651409748,55.42429521892577,153.35167291678016,111.50085068187663,600,511.41924072336815
49.41830338247992,70.05299395748823,131.33451306961675,90.40026051262954,353,461.30039587904383
52.81061915177968,35.73211883008009,148.35157461804977,103.40972720718534,991,565.977965676428
87.81190208703113,67.43155948059439,331.2189601539096,118.78689999124586,993,724.1624145955604
46.11916002674752,57.10606072423374,375.22981877114887,130.70841631214643,88,379.98782698208464
58.54921168698581,65.19650779052844,191.78594308464824,53.94256954114587,538,491.5371404015337
78.77397595558574,40.0808524646918,367.138850746374,85.32317875094641,693,531.7947255653376
49.74070867409526,74.21242469665093,162.52349543675868,127.61513098148798,591,536.068463165842
66.6565025170905,81.7678246525937,216.75294522032706,148.5231583351079,719,632.4793986608704
84.67727815600588,43.00438800544654,129.11014923559992,134.53270354612684,327,458.8869259037656
91.21404677432317,35.7428733312097,274.16661476154536,62.005416767412754,252,421.99708461979344
31.030511069677843,31.418315162780182,392.6433903111831,37.32331241061106,115,224.31721772471099
89.49407188711209,68.51829002659596,261.22258361518254,78.51495523692242,157,470.4892446156937
56.90872198096537,66.42564216532685,175.2349294397421,113.82980325704591,317,433.1556478695293
39.368329122421876,62.8018447628442,276.7361060966849,78.95966990546167,271,389.1810924858333
54.4351817178696,43.916825766958524,93.02223746288564,77.64532086391358,853,565.9465417829919
93.50244314641078,53.45435975433088,361.0306780928895,127.35225895145209,579,593.7096668216373
56.94635704946522,65.66858011117039,226.07938277294272,60.59652906940609,139,309.15557610453754
44.65637077156312,59.80601153155016,207.2724097138747,130.3712544736304,742,545.66740927047
67.50506407375443,89.26713121289325,255.05267595873173,66.9526721332413,304,499.3903851595241
38.01092140836448,38.18638515340399,268.67435197629084,55.952634794967516,504,385.20464381264713
25.689749608149793,71.70867324285562,75.12153217927955,73.55858756795786,302,372.257373252387
29.665979143298692,54.259126086257524,288.91602742819083,116.74257421448158,306,374.1313751548696
29.603437921832935,55.69197689553688,134.67608811043536,27.6402839009592,432,339.98821011047596
31.392702013422074,73.05586593949057,299.88342137730643,37.49869022208243,491,362.3212637397558
30.41203794870576,71.54616907946217,337.8871780344689,143.20227559283288,907,620.6999343319773
68.06560586024109,89.4753596221313,331.3854776433821,34.56882783339003,648,563.9929375148387
33.64100632993586,37.703657367247516,243.37533859276118,89.48182451034764,139,268.1057126096873
45.925046249289736,36.246578963049984,232.0594623087629,91.1040253326713,798,504.92607877912536
87.25913074295089,73.46032902772447,100.0065864687941,78.54742468703427,439,522.97186923003
55.54712301971543,64.70321502038455,321.37115264109747,100.2643348007546,631,536.0636022903371
70.06683038907704,46.44963999358835,144.99328315635003,42.17574161166658,93,310.56144242768795
32.92399034012224,34.765162139339196,223.8433979862813,87.37271748874475,761,484.82071634390917
34.421676410650306,35.13949497578583,149.49593252463086,62.1042557345656,713,436.5624861951216
23.065146219985916,83.6514524798471,96.8399270498926,102.63341634808647,647,446.82574312651775
32.67012973041234,41.512039483124575,270.3451939121078,29.771296072240926,68,230.67976104715717
40.89427542739689,49.40229372693125,69.01621218801634,89.92283835752667,150,342.7572818830277
33.27578632075601,43.59938413361928,312.02583194417,35.93784975366532,963,476.5596954395744
26.652690031779173,51.29977834991624,161.15537834139081,49.01002883610509,656,424.4376093568083
29.04769033254506,34.1654305647656,50.04714255156986,40.61937204530165,815,472.93821754356406
54.55840760245443,61.14358745449622,228.89519873303044,35.597289181634395,406,403.3513552355255
35.47502888043444,34.05675381553289,66.39816798466109,125.59953321849338,591,472.64739234555265
47.32023957860566,78.0213904693417,146.65934523731482,49.99905947252465,810,535.8287130345132
57.75629531411427,44.02272491462598,297.4417706095006,139.7973294610229,987,639.1252557998428
71.7796121472024,62.400714876270634,71.94136756765306,145.78971354832672,82,424.29964168894526
22.94841048808242,82.80474525368749,343.7684723246008,89.97646579119363,278,367.7427029626998
79.9557799181782,69.05264214283164,51.33697293050409,30.020157173201696,573,506.45220788750373
67.09252921181809,61.977467193080116,136.3883542206658,62.43675407314137,679,498.1870268532831
26.131927396165395,49.460025186922536,309.316419653225,121.68251686874996,911,540.4823033800486
85.51839680800829,49.98011478349187,160.69455240525735,61.43470201758986,204,433.11085651386196
89.065430039886,70.1692173118914,85.66233582310474,22.182410562390423,472,473.4568133604847
24.580846989114782,89.64836167327005,176.08187158014977,87.94988752994631,954,568.8714810826256
40.765823611040275,69.71035139096271,144.63765023458393,128.31691920944485,295,428.4749571039756
80.4650959844796,63.46700504220149,344.94916575619425,121.42969420009034,454,541.6981177594787
76.11947677877438,73.83903061435477,159.6717711548001,34.517239618249455,893,616.0605855547602
33.8390764517283,57.91233673702309,326.12636512160253,104.18704601774535,808,528.0215233594947
35.701199250253275,33.60854055604711,362.1552506837572,40.8705968809906,590,382.94897012853636
47.78540770935365,63.73780895267459,201.83609685178533,40.54905483730411,210,329.5990772449825
56.3392238893266,87.45751707032281,368.48010034903723,132.3700482627259,796,613.0448388883188
66.36910786477219,40.51817654145958,182.0613188871175,44.95365338363222,751,503.3505658824265
47.668522967732926,71.40029344923994,387.42744577153786,46.854628512521565,166,354.2131288481923
54.69010370998609,42.05602131954339,81.25133358395053,10.091474706581938,320,336.83851169159954
76.06032036003174,62.14966106838487,290.45674327613494,131.89366477757247,819,611.6752216059131
22.75124021679484,35.800586978803175,222.83491415992503,120.96327384927886,741,473.3124872473992
38.932770825801555,57.02225617549111,185.67708190947647,97.82605091269492,536,434.60437612785233
73.50121894134143,75.36979973371476,271.4491575620103,115.03720695143791,934,710.130183148833
87.14051282653995,50.85429145433892,296.3499820720159,31.28679943942885,221,398.41729804469895
58.37580815867496,69.89470346923308,51.52714437760818,74.16530324226056,999,648.5515933176202
59.908511394898674,77.72699764738375,108.43358106151956,59.170714228829326,323,431.0674535322336
28.037900850483204,85.63066916876716,299.56611772201154,23.128713675982308,308,344.1036764169535
53.5559275117591,44.078524911327214,283.23489475237227,78.05826793008937,184,370.79315508764546
59.94629498412674,53.958954948558485,388.116626795037,138.90355104796896,732,601.0093511619667
38.185287772604724,39.14496079982504,316.363226587774,15.608276667097227,771,431.23181112357577
40.19324232120357,89.5490101295025,382.7704477059683,50.804527889131144,797,540.4602936252178
48.2963122328467,85.62005807545772,295.88917553718244,39.05573106879849,471,413.4238019233013
21.50533983332948,62.39742781683358,154.3182730238051,43.34053151319748,470,368.7705972999501
44.155937418738375,80.52199766258528,86.87772278779977,137.18083726311255,235,436.81746175545044
35.85860052474085,61.25747863632253,323.63835217072744,75.52966759280062,978,578.5062740198515
44.5623014133436,67.41514128016559,275.4522275165706,75.28191781157463,413,441.5292258268909
28.982159886443842,35.34746592696099,66.86510433765368,116.48058994373952,656,475.62841251926574
86.78954605549212,75.31622522980848,176.01766306534242,31.628908560689613,427,496.6964150221367
64.51943401655365,37.66280901811409,384.87993541950016,78.21714957400711,572,448.77959191691997
70.93267393583672,79.5640578151517,225.14040099857044,70.19792997694836,629,513.0835075575969
79.18784289555038,76.92168526022316,201.45519760689663,93.56749667653186,940,664.1182138155251
57.383164919679295,72.52468186457858,210.19486180575288,149.9380784550614,771,651.4735853903769
26.519021606556777,32.169622831485725,123.1089534018073,117.7228451714866,245,355.44058298352024
60.282990636391084,48.187701356719714,179.04750980267832,65.7011984224398,930,569.65047701043
64.01308385156594,45.78675419465057,179.4346395955118,125.85742731836658,147,362.273055764154
75.90796056382476,51.60818444829114,68.32425706561534,33.89917086374723,654,489.57926299102724
52.37446596722595,35.25856480583031,318.6486699812714,14.264916083254418,71,263.10482846375834
29.56852270966728,86.21746938186376,195.77655116635765,38.62277214499822,499,407.2412037375866
41.283192934904335,63.22813444274258,337.76296038574816,57.65761785599635,221,351.6171607720699
47.23117222989763,48.33145863948141,347.6218003919634,81.48130604433838,432,415.1157432804487
68.44379309987009,53.818891024457,124.19791914453032,96.11807967576797,183,413.6104516577811
62.80837285016839,56.83215243029014,280.073718759545,137.48480041001903,475,549.713034652728
46.70725444233847,66.03566000163704,215.2986314570436,81.37956133706408,74,341.5672774674705
93.98864365947348,60.94076566178987,358.05485827251977,80.17859024760212,552,562.069633542472
65.43311145176654,85.16351839286504,125.50923771175894,17.0340213752175,234,431.006188909183
37.79200938019959,59.817808974349816,287.2346201085155,14.887617371871332,134,274.4118681519222
27.63368544653028,89.52948088939877,262.71324278845293,87.1623946682921,616,478.2325580151603
31.4644354388249,81.08549746470575,153.35551715014148,71.34500585476823,812,548.9824275539127
38.44682962883811,42.51063086144015,97.81031627791042,127.4852552972418,193,359.4969206302893
32.051102994466675,85.83571287863498,278.07391616704683,32.495141859658325,912,536.2938419492004
33.99252680384793,36.98198387312856,308.50911034631577,13.496032696386944,959,461.6031345251728
41.38213765203854,79.04698250947149,160.4695703171725,72.86542751021761,728,522.0619013301603
33.00301964710661,52.837397608594806,275.6914114078098,43.246997945316046,461,357.52194691332306
87.2574068469819,82.67845922670418,188.29581766402615,16.946012267437244,273,438.674115973712
26.017530924623166,82.08340140644702,299.6224091489162,111.44376015866806,269,378.1592400410141
59.3383542177691,78.35552400705727,119.72534621291858,25.623019994014648,228,382.8315042045321
50.77976202422461,77.40182617842368,361.57525092266104,95.16473000108803,680,554.0180735961316
93.67839626814548,48.280748345882444,150.5933587629529,49.34696502336448,482,500.7595226183956
28.402917662603926,34.85515698307513,178.72509571465352,34.289447049703085,314,279.47274165084997
49.83916992843062,54.178810725909685,70.33218322812243,63.165213208704444,478,421.3254613921881
92.71028249565266,40.41147089919052,89.02927431244674,122.2024086712135,711,635.9398142301321
84.91303444204851,71.69706533414771,230.55166594931484,64.89310076664017,465,520.1342652353868
81.28040532119599,50.76598359226713,143.65743685479003,115.1077508895478,502,556.6713236635404
39.342712028370485,88.53661205159489,342.418079009768,27.568081551881097,776,496.41648771231195
32.816569054254934,68.45832464071992,55.14268602923384,118.18799875311107,246,398.4545807561062
70.14824149433232,79.34883381806165,182.68291703517767,43.17066548693081,603,510.0622053721014
89.70319918456893,37.95148036451091,168.07094136918244,104.8350381844422,102,389.67861089759134
61.75721697604473,81.72086893635736,56.764670821160365,89.2094176777395,529,517.925154700266
62.87095171024249,85.36543143080365,93.52893965017859,140.08026040963622,492,553.9622795223238
40.998432024521314,59.22371512913615,194.77493622152235,64.22515251654397,379,376.520465626345
77.71196998939527,66.37517626505866,222.50260455660631,19.263126436821665,300,434.74270732364715
34.028281141814254,75.88858805417973,191.50141153920418,12.681767977175406,856,499.74308220899127
44.27594273031828,40.49031763562475,235.82818744423284,125.76019853618544,939,586.0966285272142
51.90773289623126,60.15396458780654,258.29608621698856,83.46298927260051,832,551.2736048212238
58.070778401334124,53.919781666338785,53.47333739474247,118.5341672568929,974,651.187349182053
38.18072993113102,38.782439529734944,212.43330580872635,42.81958400161206,172,277.4919119229325
28.612761855440265,52.05206533749188,387.2247343106559,58.31172437185272,928,504.17442832760577
65.79650318312244,34.09033856312961,231.66129804534205,14.214542109584652,436,343.2144700460741
41.64729149301918,31.54871441696922,287.1397936106336,144.6089254403757,388,417.03072413183014
63.59286660669592,38.109977349289366,159.15235027090912,103.50150693811388,827,576.7654952385262
31.577203645565174,87.78690669535044,320.8969823534669,140.64871228630287,397,456.87678039673136
56.08550763911131,62.97177215370102,320.5225186566403,47.16949704007013,78,311.856378766847
59.94420744136894,87.94932966919319,232.45361667894863,95.60490557159252,84,414.23954387302086
23.88676526168202,55.94987269980792,391.60483814772476,104.98999556096929,567,404.37177487941597
45.24532086454404,48.70896798511558,93.94257516692869,54.45695803606238,445,377.6426164674136
30.08110077042307,60.36851177041464,55.931682711353346,128.7352929021882,672,512.8413823507467
24.75312278545758,56.37070131797461,319.5553741149836,142.6026048060347,343,423.144750169737
94.24701742924589,36.33988105570464,332.50443807770887,133.8797164774406,638,635.2232258694246
44.17653837310422,68.44957888141238,92.07253019220168,113.46937663151216,398,490.3760417408786
80.7405834390976,42.96229095057598,142.95399153551213,48.84505516149356,196,376.6760370795742
39.09804910728229,67.17527729386978,56.14332717832012,49.426245894788444,116,293.61547324156095
71.11270416679469,69.01206554388921,152.65801377319764,144.8704448624453,953,716.0023078947971
77.0170894917265,39.12149118771889,320.59965587153505,11.439829430996884,569,431.6964208353557
64.67290554558832,33.680977626640086,231.28618469940264,110.24699625390022,171,354.12296883534395
55.36821414126188,76.84569516410639,171.83345760890083,108.87446275773671,389,473.6992201875707
50.888068561045145,57.588025426159206,180.1087532172156,97.17653573297164,224,374.48593784416425
46.16511999072465,33.48982773032855,50.47376900041385,148.6152384521612,949,604.4097847999885
89.71468581858694,89.69197903018602,154.93018464783256,53.663121006921536,740,616.8498045453028
82.2964555840797,33.466833659782,276.2605595732757,57.596060931054744,646,506.3724515486325
92.37701829998845,71.7021137315132,390.968055335725,21.051516412517778,500,541.0474893553674
29.322291761415855,89.02073551580482,346.4712894443648,71.99173911612324,606,484.0118923709185
74.81506064027332,44.350806252955536,58.258237625935195,46.546793672878735,185,389.22861136071856
90.37553426157784,38.53496212123177,364.4962116361938,58.07413830487019,904,630.2539543702185
33.59247996242451,37.283096365345735,324.1194446545191,126.84005063578788,65,305.92244971551054
24.987220052508313,48.196508854055736,323.13164324984314,140.9678318938494,382,392.5604131024093
75.58404869675442,36.0627486606388,210.29851565125003,36.00263008072599,244,378.0744839960299
63.085483488493395,71.52968050164792,189.30185253407598,62.15125041748522,545,491.6869896906854
83.1371582568704,33.73750788780376,156.02050509161742,140.00827869615517,58,396.24700820183136
30.48292824697171,60.56532768898738,72.99320063402803,18.653184496491168,877,486.44036910792926
79.64504838949176,89.8018112311786,129.88237722279467,22.930473935592993,383,477.12984332635614
35.12204900358084,78.83821617036114,136.31127224230863,32.79073848887211,382,364.92865868559034
32.27419571492784,66.91316629386066,219.42697439857056,93.32979677776247,376,371.8399999931993
32.31993484482447,48.3752172471967,311.60554230884287,31.066117940839646,64,250.4382485196253
81.09310401735365,67.43375017749831,215.8334399392813,145.5306934031027,888,707.5682305595642
69.889791552215,61.6224878346991,70.24555730650621,72.54003381619285,663,504.73312205950606
59.22990685768395,55.565003033422286,385.22643034587134,80.21251444902329,275,383.54158283398283
46.91228630926268,37.84262260441197,379.9535116829393,44.53220621275691,474,381.9955800808165
85.79004056098312,83.196252914428,324.81634010194296,75.93443534086269,839,667.6734558375098
49.43338305669765,56.98707892927935,396.9647655474772,102.66790856918162,457,423.21263818331784
81.24495796036828,41.6773507092459,240.568816480092,115.16479917356598,162,413.9530079926098
52.935118142766385,52.06556105263738,386.96892258862215,115.54153157938782,477,480.2948950330784
48.270832206868064,54.84778515173562,76.46176421586277,90.90475577717237,50,309.5069107250918
54.700983925220484,79.65227373401245,177.98826189147997,136.61036849914,315,487.7852662194596
42.603340562310656,74.01686283368412,128.88344380236805,124.43709862285532,540,498.0306166325422
76.07070351321883,76.15829361848039,118.5415794469945,115.98673605780756,257,504.4521633343947
57.70402925693594,30.661875865718834,99.28103211243663,17.784773035264486,671,410.94297646333627
37.4159521360113,54.96923989078569,267.8447745480988,10.962914710750905,761,421.5145310949143
87.46809299559264,58.88064909811942,323.4626495115568,39.74261880736621,418,471.0297919654884
48.79184160299086,31.151536609383403,252.40443979712623,102.89330314788332,355,354.45511119259356
60.766464583549144,45.58879252470206,101.43694835587338,67.56764844355641,61,270.16801294774075
87.98540832234102,75.6173893873281,333.8933194767148,66.33687630190364,394,532.3411077282774
66.8178496935494,38.22658234373994,272.584147507305,133.84216435214591,514,482.5648147532091
28.767353053127305,62.1186078871555,185.85799714444843,135.37879873845742,749,507.04262527607756
90.48740927101063,42.91211232103425,285.945603437622,137.284536967502,715,603.4354410585821
67.07810398035633,30.727246478633596,140.9667427349915,53.94293071210382,543,419.16840962013026
45.11792109928146,44.472087455972485,170.81727297297368,106.74781378349664,417,414.59999518604815
30.445405449754045,88.55242529460322,371.1200450961966,48.02864537841175,895,528.772630470423
79.5518891952722,78.09222671297937,151.67657698499715,36.685376630422965,986,661.3541426094749
66.50545669463851,87.574598659262,214.4958938552778,35.84854402863169,469,496.6763292242297
60.00958189822411,59.27124263558174,361.54939808860513,57.89506692090316,938,561.1422522742326
87.04194372882182,36.584171920650206,297.70247259363464,70.19406676917504,840,574.7534662949912
79.14479084183981,62.87756933842158,71.77112915764596,126.33288394770958,220,459.2110980487079
31.375615979956336,57.26264007359765,101.55606549763962,26.784753086179695,183,271.6728473119261
43.37915508466612,80.66142496437695,52.74455677017089,112.88961863528519,476,512.5158128637995
38.63668548608493,35.88495484705467,270.82262658020716,84.40368798650275,74,293.63002193200623
75.79597194295077,59.29446822130669,206.68569889364642,50.312347974638946,579,554.4608723208885
22.514932605183454,39.00291988163906,96.99619781579644,78.99474183459544,239,243.04255991741826
62.74172636534874,49.480555613403595,385.27694236986963,51.99188976878317,190,329.81188350279683
77.18440143055179,74.24142464326798,235.38090338096697,93.45147373336283,604,607.9723024341954
85.75742275713121,58.56108776212599,134.66265293951122,70.73814919973418,895,598.432990161702
45.65613115369306,52.553297108746165,225.21124990414765,33.016774071043024,845,535.8809285107538
81.59429785040096,53.66857671420212,287.8671164572877,26.32163043779754,707,529.795790585208
28.29738027164054,57.5668061043592,76.68372629074757,86.53739549009822,364,375.0575415523493
83.48392188008887,77.10099263022342,146.1463352667622,136.33782466005448,493,563.993632711167
29.561649674898682,83.52508133641406,332.4379218093978,58.15407611807598,368,382.31091784879334
49.79654679202754,87.3200811902357,210.88270464093142,112.62001501116725,490,552.6167545725406
79.79715243346652,77.2142031753177,241.3019997113032,102.21258969156737,141,448.53201867833894
31.243807051158033,48.924413744880766,201.48560077331425,140.41768800332733,228,357.71840455809496
37.193854642448116,71.28808236519254,65.36497992505178,124.93734242187972,105,370.8840906977735
74.16894262947997,56.25618744332351,108.01242293705457,89.32473624676481,204,411.5376034153039
74.00274024095557,45.28023732276307,205.93957355966182,101.98426975277502,721,570.7162752644045
68.0860724663973,80.45229476555537,123.21491289277473,135.77410532176486,160,446.47504469534107
72.0461333350325,32.3055809377395,67.49266003088755,65.93262984217087,186,349.55368897824883
60.70433325106971,84.1057195281254,345.2773824181383,55.75125882008883,281,413.6467275415842
38.88492941802146,57.68864787748405,393.41738520744053,11.513551708927487,517,342.5343392055174
45.92719951279396,68.23208860849682,327.6000058988588,125.71715038680499,781,588.7154079927308
33.61982876010693,69.56123533234697,348.8247225966335,122.13729805647108,530,453.6158921328001
88.13379210002212,83.70706444239218,134.69199561096588,24.623632534021194,117,403.3322682887674
63.75438460745904,68.20018093003245,386.2194414296199,90.76003335857803,863,629.8384322133874
50.06385625727299,66.8360150856037,118.92399655869994,74.95743774336424,298,369.7914162068343
54.65043527330995,33.999122433641396,383.00043362664127,26.619273371275604,372,355.28865483309454
91.04625047088615,61.104481316712246,398.1867528880829,147.2795517885013,971,726.8765952082686
31.501355233706015,39.010140049022496,299.1029820111171,40.057424244869765,953,470.1333919183003
63.967237401259794,74.24602612328914,393.40030612713764,19.41278521267856,567,515.3922079353175
57.94165091633495,60.73331524876047,249.33892284848628,93.27863313026734,841,583.8950552949277
65.85906765759859,70.8136667525012,140.83962411163162,113.44133479862457,481,511.62984549131386
21.35826378656304,32.50037403614306,202.9485599829673,14.542082446606175,536,298.29649613729754
85.40929317081137,35.087520962748194,257.7463273825751,102.22046942178311,655,569.3494926919054
89.90887118627093,72.97940328376094,75.57854670945525,84.52086263320362,478,538.062412875478
62.38498876919067,34.325060159920405,267.82014261603615,24.457101242506777,318,356.35361074308787
72.24881179076692,34.27540366591552,393.41224286680307,34.15334277249069,758,500.58380667593644
89.18745358829717,30.726508514093247,116.53767742430468,89.51640162425127,586,544.2015525358123
73.04289757350489,87.39008389796881,327.4082907009342,51.490065891860375,197,406.6121847577936
31.4404282185696,74.25050156754043,367.7645778228668,141.36420201118426,167,369.3867056154772
63.221627012510986,51.19508451012385,380.2955574870773,124.62363212776711,899,617.0146802118201
65.50362847871419,47.792134877259315,386.0474615419065,147.69940891191283,416,491.6936564523521
51.80980034767895,50.982193784750976,232.5108735525152,46.35391745305796,899,529.7848847609905
75.23331767185421,76.47921187087091,392.0577677970263,145.76130859171678,115,518.9233081319186
90.0775261076761,69.68223666422486,315.0585724970536,70.3727417708181,862,690.841540715382
89.41763846800822,41.11173407204808,106.58500268293666,58.65263134392565,419,469.10608461564993
53.81295285530991,40.44656012004506,216.9150372637895,17.048933775709454,224,307.4743343922641
28.492853438056642,35.90373898280384,301.41591138020135,17.387136100344367,880,434.02238062900295
93.86308992217509,69.61816318208028,136.56911053667915,106.88157583253165,637,597.7621746131333
82.91735648344506,75.86235973330416,274.2153142421106,74.1100592207639,544,548.4748551323524
29.349701090245013,45.90278569950024,283.3101676663167,41.713027645054794,163,275.2463578750253
89.06314119630292,31.25669766185477,106.94491033299806,95.95584288553258,160,425.88853842517426
85.24222715465962,34.93030004858564,247.7798593584647,45.400136555015564,810,572.1141820366643
58.912854284455406,88.07160209070183,320.0694188425127,90.86844560821916,488,488.8323823284547
64.34565768086969,47.72668664864521,224.61348258757968,60.28922457757665,764,521.9281714336942
49.925202790259775,76.15338887028801,54.2360908716376,125.29731172565467,196,393.74098696915553
24.10712291165235,67.47981413125584,53.16346417775226,124.8974625073491,84,347.9288081741221
45.13979312344257,52.91637837917375,174.96027038950427,76.82905573713619,358,380.26971050934804
80.21400864485085,42.341235731733306,374.16792395112367,59.114675306902186,587,496.3894088202027
20.347401725345215,37.283185089564384,130.03687286126308,60.758371518273236,799,444.5272836597556
45.01243787683582,66.900778082332,272.0272911050905,122.80003359355051,63,412.838868148248
49.86265201932075,76.47802683826728,127.7265547426622,55.94512759166568,423,441.46394516516546
60.304670220344214,68.63425521246785,162.58449638084204,39.26831231895844,606,482.0099523584319
88.98917123095704,61.8181279949495,346.8147313605194,21.856367862542957,477,456.46978632029993
45.975949577447096,32.517073405898174,305.1015047944814,75.33703692381718,777,513.2699277728573
46.021490142217075,88.10932665566303,83.38974705962372,77.49849384877787,282,417.17303606100955
75.31259360823113,77.92285149927447,200.04570734525177,127.727219456407,754,679.0340893290536
53.91634556673554,47.56932220205788,60.20941727584256,40.97341750244895,612,467.67767069749146
36.845361720498644,88.79821976153104,218.31155131105314,63.338778313575986,988,594.6999536819851
53.932963709952006,66.11289537817933,281.8519040953738,123.17680344511673,936,608.5311896261484
30.56427652848499,64.94535949243479,91.47591825935305,125.30730550485629,775,546.7438190435794
33.22902398796675,74.88439076577193,151.10972861820798,63.84555063702755,712,481.16300405878144
57.37758295546098,78.70618728540825,189.24281892575493,74.27736326013533,489,489.72325429626864
51.41940871284109,69.38871643989016,371.8358586296174,52.46002471889961,551,485.17090399772377
88.6134425801075,37.685744781972005,397.6392553980374,140.5576829787037,324,460.3300064036393
47.179542433747486,50.296050359669906,65.71895464846556,26.610127203821243,899,516.0835390514211
63.54412627085326,85.685018419563,316.3527732233872,140.7249192202058,125,470.8876393649304
67.41982159396477,43.476936710631115,180.10342324082012,105.74130325694806,488,497.2103020945559
20.982084244125023,52.330021430250795,187.360365180318,84.42010137614237,781,445.02443831079165
69.76530290125329,55.92461297665176,313.99274067145797,14.572268509829422,909,566.162069470827
33.352697515231355,56.36429938166713,371.44925125089304,76.58346685508116,748,510.98934922516213
92.08027381020914,66.77637494967152,382.82500807589196,67.08473470038251,338,496.25757377323305
31.14970458148347,86.58455026468246,251.99290511341226,32.57063367651716,964,555.1188573790337
51.09680927952678,44.4415627099503,174.99240575517598,101.89734449009197,589,499.86609702752145
26.40122510589829,37.290082578055085,325.64218005057273,145.96112703156,940,543.6200994953507
94.76556888844605,41.848229391596234,137.8504841418051,88.70643354903352,741,564.9719705394479
57.664625774843195,83.21549401255618,247.42591009173123,110.06545870215241,302,464.7929032316239
64.65387629900329,68.74864875931236,175.5024615337056,19.58306335924235,175,361.2980802584489
25.03073580413206,47.15440735434961,279.8208757977566,68.47337941437927,226,314.15052140002064
76.24703527993833,78.95681633811704,134.13961951272742,26.29018792302942,86,378.3714968888344
35.74291948216893,81.68219978180616,117.05753100718901,95.79141697511146,459,475.0586935916334
87.35407170805352,80.79086032141669,371.38368033640296,141.38750214998166,660,677.9106642202967
35.385473036150536,85.13559201837327,85.63128903233792,102.6488825460294,659,521.5059000107223
34.30157904977499,45.134461210401696,227.08526770722608,20.752426764019013,176,252.74800528821595
22.741225088607116,75.3025157247767,127.29847403705313,59.6532686979116,532,441.5021945857061
55.40502088324995,57.632369836448404,63.62548716398361,87.09287312171921,217,357.8297545339341
62.36308499469623,80.5199131734037,62.60658640199924,66.44908585865531,641,549.5479656668681
24.928147957126427,73.70944062969679,111.32762023703957,126.71016146652413,343,400.3544094536769
78.1645712521258,76.58684678998347,353.36962407710007,124.05394065939849,894,710.657797281365
53.99666260610207,69.36971026086428,148.86756039195933,95.656342814451,687,544.3142552435585
59.329270199568505,40.645726168182414,382.6607097013535,62.284112318578735,392,397.2062982138361
53.05720602036711,62.7016151338163,253.56780254621773,45.74709232685418,359,429.0421063508757
50.05722956564945,89.0801843714705,202.81496641906813,24.822404549838105,711,495.37180373940214
61.97302484811634,86.24328398982713,253.03109213430912,59.68567568811756,577,528.4759056958394
31.643018444803438,32.5904241478207,230.84443482919372,67.84415240908073,589,389.5444724166461
33.644609787145335,39.888888943766226,315.5716888150638,104.61520951457031,468,411.86294692245684
84.63392157601379,37.903726407273716,148.87362309049828,102.14237540166029,493,544.3239488180453
90.95865966002245,73.55879459911773,173.56763706010582,19.81513954977597,734,566.2027926600387
47.99819872098147,79.0671197914167,362.9330058866378,65.33630416036209,607,475.0181662102967
40.305850485766534,42.81068197864032,381.2597796026419,35.44904141043067,889,473.70040855419796
68.29996574292619,60.351161577109735,362.39537962026606,31.953778744352796,285,383.5333352025809
50.65506283235723,80.44218168067201,196.80679788505975,125.82230096321443,488,520.3158556303606
21.903976674525865,73.96809268597504,323.1279260524086,15.868130340276053,263,298.6451725659668
31.71144480246428,62.5342323295109,216.71750665538457,68.68560262629698,134,338.4259392237412
73.69791716355482,65.42086142752638,224.13894825113576,33.54851180731255,843,607.762716807346
69.41929564326135,60.5016328149768,121.63803817004938,133.10623019498638,793,650.0349544463162
22.03219943776126,47.85290707912924,256.89560614048077,87.98567185850492,134,326.72106971336717
36.64791214497121,63.90131957154097,115.14756421367177,42.39328909275872,970,560.5444040547135
37.33060974410536,71.33311812300545,166.04764467351782,80.3398202032927,538,479.49985450560587
70.39195576990463,82.39937495164847,349.2605705669773,112.40809035843621,114,454.60485669190626
21.478290331577313,68.1774812387549,122.47653322379932,144.13652124872073,695,531.8501257961392
27.80814364884304,75.66729222258948,74.90539981070148,40.86244059435865,712,473.29510859071405
79.9937064029892,39.60429809727438,74.1526574144857,134.06544809810833,676,571.5090775320701
33.39084965407502,57.693448465187394,379.2745821760878,140.80257598344863,113,324.92836783593276
68.95595808889061,30.559897189625598,227.42215328664213,138.29887623448928,392,459.37778357056885
37.863708578504486,44.80073187129738,193.29422513595642,98.95800996066738,988,579.8103969259301
27.458104456950885,73.5877029067803,333.80750335277145,98.17489162085907,924,572.4829145902393
38.23791432495906,89.5085970809618,342.5390747686806,66.44948864573519,968,582.9916013055638
74.17001988917443,35.95068597523296,166.26686159046162,115.33570352253031,401,461.516970559555
84.17723510797143,54.08965895167729,292.7663201158283,84.38116256913047,207,424.73383252710045
82.26648984252438,78.00425812194956,319.8929855481603,104.84132997196123,638,605.5653380061665
49.78876472138411,42.24213807773393,279.1277404030841,69.98410653883136,540,440.7463287689674
70.10638524279847,63.30509695813718,103.05827618003478,112.40950496603946,707,601.3231806338404
35.37382215618658,73.98427776178049,356.5590792309699,125.42601246463687,904,593.2638419072623
41.986079769575994,66.95912701561073,238.68309345760304,30.501075924394257,512,432.03413456233375
87.22518638908399,41.28148407692497,148.8653492295013,126.61016018039192,274,492.4934894312352
20.975144263305204,51.323074121144366,198.82986490319288,85.64151445064302,966,533.6541499298123
26.413139814085106,77.02750706912383,63.14988163961758,128.25322727263142,362,442.8651274890225
35.59146913595205,63.253590847921,94.75338042784614,70.38223888774205,664,491.2537445032182
21.98991529053648,30.313776812574766,317.9413626805513,63.0656679536249,968,458.3501371712456
33.607657631734796,75.65944560168563,50.00407216437815,138.10850255241115,908,634.6859124075629
63.72811707272691,32.118681296414344,195.79803996880227,45.163697456776184,862,504.5639966035372
51.606841294437345,74.74402696387392,232.87856337995595,128.18972554006004,989,650.727470734166
86.95037833077312,42.14883360991425,69.1220470003403,77.76288015131658,515,507.7600945537661
81.30826713038306,87.48440880716282,390.5773570403165,81.97336195717637,137,407.6410345237581
45.6363013773407,52.07644507812507,129.14386593738516,53.185559408527766,932,545.0481240632065
39.456757507346936,49.615896980284745,156.4695518726983,90.2259080866622,352,400.7537058935668
48.47693061254502,38.93328301994668,156.37987928925958,55.529567478669584,729,435.5589628090254
64.27212068861058,48.33625292941289,130.64583174107247,15.497717993831323,484,430.4269816573345
40.10477306171572,82.59904570969204,50.51583773020899,48.079804748209845,731,497.8962061159882
66.81116808868505,89.78006025763483,305.2706779307987,10.893066076922695,184,386.34411503521653
50.70587391434303,52.098571830410904,388.39592492974987,146.96967018795993,99,365.76385158456117
61.403538563898515,56.916637857272555,128.50271914976577,145.20460937476466,481,530.1040910960985
52.70948968514875,73.32425629216422,282.0665171311979,65.3217416461227,389,454.86170824871726
42.084931965643825,83.17174682790447,309.6637144355503,111.97191960755043,396,480.2452271468346
91.13399802216175,65.58266005120706,346.94888268168364,58.412853777459496,695,585.7926461532277
77.27043456198206,53.491541890669765,197.9202189547632,103.95304199203665,396,477.2235088217296
30.50848818248394,54.75731045091742,156.02581697415025,122.76020602643707,698,499.3750662750714
85.13509819234346,71.73708878980841,163.85329690806088,142.5458742569137,294,543.2319582741234
56.55733986871353,30.193095816256722,299.4174665844795,66.02971861895408,158,322.43342634043375
87.09141701705686,67.17536024759045,335.87281327697264,119.66171761384668,874,693.8917801400991
79.98914419604864,51.329580626481444,113.56488871481093,47.22998308849663,848,553.5050949714758
51.89101283519251,77.65183987662505,179.82935285521782,148.64652253111078,582,563.316554341503
21.685198124008807,35.57943838938793,365.67906886220254,13.607743827009159,139,186.6571696097638
40.15080195387095,65.29213601690343,332.3427318931587,94.49403291015693,345,420.6336146593391
60.62256609956502,58.858373393167426,394.70044096686655,102.3308374311858,161,374.39792716625794
67.51086648696105,68.53953155431364,313.9868908887283,106.32637799037803,862,640.5332078593794
39.34157640749017,33.8912156689781,187.61832035977278,26.85426103047246,638,386.7596299265349
30.45170555546181,64.79902724568788,256.7232418981232,141.39416968623826,226,351.43536406313126
82.61976775994744,63.689075277571426,281.3549889865621,35.36565906701159,392,475.2848614076212
93.83016355276641,63.639605664970254,77.45953571099338,97.18547645357775,709,623.0623723285712
59.42676367270144,66.20925999578729,240.57393568635277,41.17465107723189,150,371.6266841161832
32.87594643862276,70.58807623358173,298.26228996541334,53.01029838297792,807,472.8360643604477
40.42304948895267,78.29933998084618,108.56245640037113,86.50419584193742,678,515.0680394043746
21.379300741060007,46.18924320769286,323.221101098945,68.40707859904072,653,408.3400407536946
88.57241049203742,79.50296461080373,254.32047317993909,32.43158413671088,450,512.7486610344154
28.831331216760585,59.89534093580722,383.27762499415815,33.93109633891876,77,221.246804825227
63.23873566356902,34.62349674805987,64.8478043724121,68.54027034279196,986,589.9256898589371
40.554141551540454,33.51305575463875,142.86414814441343,116.0196169585701,586,488.2268084275157
61.5633501886845,50.05429912176365,260.5438577549384,135.7150505586904,107,398.3709364362775
68.85652912638982,77.09381862668806,153.79596927207575,21.777872716313595,547,486.7335324023329
82.23063527804013,72.46085608445495,300.0484574249348,65.03454705831615,346,451.4310441889081
35.48159538204524,77.31689788034438,315.65184888267584,24.03437892120273,183,295.58111845042873
20.824687149386037,61.03614338649656,85.88058742326606,12.322947288563704,380,305.9450491929124
30.266422255160546,56.41193987732943,229.8490624723687,102.64061557015393,298,356.06771736558176
87.50139813860788,38.84715160237704,228.11169445686957,94.34292187532229,599,558.9729897064589
85.54175581718864,49.69156521655869,179.24826957543937,32.82267593408407,951,617.8530642258554
64.80598266277312,56.04116197043251,376.52370189938523,42.73379663302897,990,648.7083173405575
65.038764532524,35.31602578077703,339.62721195562744,13.319085510232574,124,261.2896674159138
69.87775059096916,43.236717162672676,294.02328366837287,126.89260879721652,703,567.6869561915552
33.15284589675872,65.89351764382434,300.0143225072492,146.4566834467972,883,569.541467566006
88.58089594437199,74.1397868543514,211.60065033459168,28.964335151256712,217,382.19412479946993
51.40778936690548,89.90085068357698,372.34808238380157,42.40652992714173,820,582.0464982899529
48.735389618712304,85.98679988061346,293.1083995386499,131.57733335257075,552,557.2451533997485
58.91882789621282,68.5539119721115,305.14337157953577,139.70493171386588,934,645.5406604287697
23.52244750812913,55.27488319764432,351.59181632557085,68.74783359295344,404,358.01607907895595
32.47125265670596,68.17064188249395,145.92505626976686,17.08714611767038,274,300.48283305277823
75.35252123197779,77.13909708481393,332.47481635334606,15.514856716994716,713,532.8414243679068
26.209900094384487,37.10017145540324,118.33421103477221,90.35298124966147,580,397.94675011627754
65.23640820997912,54.59429338177729,170.86968328571075,65.00531524504507,195,354.9372051405747
38.40118322609907,80.38813713813704,167.46365899444493,14.011339860871633,290,331.26064585170184
49.19717105314824,53.02997711598264,392.4839139361992,91.65533492375795,933,567.3948668403917
41.652030257802494,64.31233627363119,349.7880283117744,11.582355122463145,942,530.0960259590889
46.67545373487118,65.26616165173189,295.4094515565909,120.23207414089822,393,399.8514057403625
73.92844288881841,41.06857518801836,304.46986656538655,52.900595178472024,798,536.627639472746
42.28412867173813,51.734126499137304,246.72547804089987,15.636120421292494,84,228.12470589846276
62.480348022267286,50.07067732451593,381.48173348798167,92.36931093764146,751,528.231107056916
55.703780164932475,31.571802511923888,223.69056350882653,65.67581802062766,50,265.7928510325784
69.7753374021986,31.451505833481313,183.18119845446307,146.33205787000094,202,414.1067856511568
90.26223044935685,79.9018226205464,107.06236792605685,86.1878127505183,478,558.4392077958141
74.94290729076877,46.38424859836874,325.1719782913703,48.53348534518116,994,585.2077655592715
36.12052839430676,61.084725974328926,307.055376226457,109.32144104875647,557,482.85922895802366
22.33873512959635,47.92353441532639,184.5242634834472,48.008880355979585,175,239.41779642975612
39.669803322486885,86.44075470692043,58.817694885730276,136.59406079705911,540,515.5818622244793
64.6308448025191,45.55780553194643,343.64906470130376,62.4610758710327,531,462.55709431767434
23.856936011318776,55.779408764336104,53.996294208925775,86.98159878866873,394,375.5756354859315
57.22746854009272,82.36381502907611,296.29492287016785,17.08023453539204,961,577.7308540294537
64.7632136687667,80.51601400750852,389.58998840412,69.6569733133123,787,533.4027863974629
45.06829181127206,41.16608507077664,203.18146485187123,126.53089555253929,270,366.40060993898356
77.81841528093665,78.15859858774263,132.24069174858346,122.79083275086788,964,713.5451583689868
27.994868985032884,57.49121320427356,296.7048535151836,41.40459823949368,968,529.5223974418716
25.635333630185656,58.97813232512131,335.9948497054548,41.651069941478774,772,453.0727885506674
74.61415671527024,38.00879834495663,241.25061062724657,124.42274370985315,74,368.3999849743456
57.161848715464885,34.836090825427476,388.46234633965116,140.25577882370558,577,547.7466768420219
71.6301797320802,73.6763584184259,68.08405258028638,23.350528978220495,231,384.30559784426856
52.61205039528097,59.787669141317984,226.67845940658484,73.00820951967154,548,479.95682585409827
38.480152492933016,56.21104215691077,301.45888156289254,57.24359905499205,890,497.3707055566879
81.43267382556498,73.7704937191438,351.9241649022126,131.8963837640415,690,614.2348382568995
79.95619092267344,75.93077393946658,112.73946416772651,21.69348805520263,91,381.40984542795337
72.10223531408201,39.53449006016122,330.0012186172885,39.557631958125235,964,595.2435368006135
40.4108852922472,66.61350896865848,243.44747650149085,115.34556726210921,530,474.2241500433014
64.26730001518153,38.12124493666113,188.79378869648713,17.181138857370183,979,506.1886646886405
47.073042270502015,75.08250516174274,96.10026000268275,78.9549533000005,897,585.682658135594
26.86865549949756,69.41730937602837,352.85351561811933,71.8949848551608,797,508.2673809627576
88.7985181596682,87.39687726500748,105.04562286290037,56.816165058424815,921,682.4216450421641
30.261397318922107,34.13748098138527,158.42575072318473,65.24012414464933,488,349.0533221264215
91.26780153656019,33.423283269075256,151.5159361868529,84.19168217023261,451,482.26619132770054
53.45043297184668,46.93122448159201,354.994911966799,32.59143017437364,595,416.8753099198982
